id,first_name,last_name,enabled
1,Caramelonoylli,poertimosu,true
2,Hyacinthia,Springthorpe,false
3,Gabriello,Trighton,false
4,Tad,Waliszewski,false
5,Dorthy,Rawles,true
6,Bastien,Slessor,true
7,Christel,Tolfrey,true
8,Raven,Ivankin,true
9,Stacia,Rosson,false
10,Sarajane,Pope,false
11,Ira,Ebsworth,false
12,Bab,Nursey,false
13,Linnea,Andren,false
14,Leanor,Cottam,false
15,Selma,McArthur,false
16,Candy,Grindrod,false
17,Noland,Menis,false
18,Clayborn,Skune,false
19,Ingamar,Baswall,false
20,Payton,Sommerland,false
21,Melisent,Sumnall,true
22,Ammamaria,Boord,false
23,Gwenni,Risbrough,true
24,Urson,Commuzzo,true
25,Albertina,Schinetti,false
26,Godfree,Boomes,true
27,Raynor,Werrilow,false
28,Ara,Fazackerley,true
29,Brittani,Sanzio,true
30,Kent,Phelp,false
31,Mycah,Tenwick,true
32,Marcellus,Beckwith,true
33,Jehu,Royan,true
34,Nona,Whorlow,true
35,Liz,Timny,true
36,Dev,Coates,false
37,Eirena,Cringle,false
38,Rosco,Dewer,true
39,Jeff,Anniwell,true
40,Jeanie,Hambling,false
41,Denny,Counihan,false
42,Arabel,Lemmon,true
43,Agnes,Pittet,false
44,Vonni,Kasting,true
45,Jori,Palffy,false
46,Ingeberg,Sutherel,true
47,Layton,Rylands,false
48,Petronilla,Ricciardo,true
49,Darill,Lewty,false
50,Philippine,Muehle,true
51,Stephana,L' Estrange,false
52,Pieter,Hulle,false
53,Wileen,Wycherley,false
54,Gerard,Cree,false
55,Bethanne,Stachini,true
56,Sherye,Riseborough,true
57,Willetta,Mepham,false
58,Connie,Boston,true
59,Mellicent,Mulliner,true
60,Eal,Vaneschi,true
61,Ruthy,De Malchar,false
62,Budd,Seiler,false
63,Franklyn,Slisby,true
64,Cherye,Autie,true
65,Pamelina,Pessolt,false
66,Tiertza,McQuorkell,false
67,Cassy,Whittek,true
68,Darcey,Gulliman,false
69,Hernando,Ismay,true
70,Swen,Burdell,true
71,Adair,Paulot,false
72,Putnem,Corr,false
73,Farra,Huxham,true
74,Klement,Fedder,false
75,Gerty,Norval,false
76,Vachel,Platts,true
77,Tam,Wetherald,true
78,Pet,McMillan,false
79,Orbadiah,Stileman,true
80,Ruddie,Puckinghorne,false
81,Trenna,Larrad,false
82,Timothea,Baxstare,true
83,Salvador,Lambertz,false
84,Hazel,Kear,true
85,Fawne,Fforde,false
86,Vaclav,Bosley,false
87,Ambros,De Mitris,true
88,Quintilla,Pellew,true
89,Em,Bonsall,true
90,Ludwig,MacDougall,true
91,Tara,Spurdens,false
92,Penni,Mcwhinnie,true
93,Michale,Swindle,false
94,Silvia,Dawks,false
95,Merilyn,Furneaux,true
96,Sutherlan,Baldelli,false
97,Analiese,Trenam,true
98,Nan,McPartlin,true
99,Dian,Dullingham,false
100,Mackenzie,Baber,true
101,Luther,Shelp,false
102,Eunice,Haws,false
103,Ibby,Brach,false
104,Mei,Pickerin,true
105,Jory,Abramzon,false
106,Dusty,Lettuce,false
107,Deeyn,Clapshaw,true
108,Garret,Caskey,false
109,Priscella,Nehl,false
110,Fairlie,Brangan,true
111,Boonie,Jonin,true
112,Bengt,Hintze,false
113,Sergeant,Petrolli,false
114,Gerti,Trayton,true
115,Vally,Breddy,false
116,Rusty,Matonin,false
117,Paquito,Scarrisbrick,false
118,Gualterio,Gatherer,false
119,Anna-diane,Harberer,true
120,Lottie,Deverson,false
121,Raye,Vondrys,false
122,Nikolai,Kernley,true
123,Saudra,Barnby,true
124,Margot,Quinney,true
125,Marabel,Freezer,true
126,Clementia,Lalonde,true
127,Nanette,Vane,false
128,Stephanie,Tellett,false
129,Ravid,Tripean,false
130,Joy,Lagne,false
131,Llewellyn,Whitchurch,true
132,Maurene,Dietmar,true
133,Humbert,Matthews,false
134,Florence,Cowl,true
135,Arluene,Beidebeke,true
136,Dorene,Seabon,true
137,Antonietta,Plampeyn,true
138,Bernie,Schoolfield,false
139,Wright,Eayres,true
140,Christel,Tomczykiewicz,true
141,Peder,Roadnight,true
142,Lida,Wisniewski,true
143,Twila,Lebang,false
144,Derrek,Gregs,false
145,Nero,Mullis,true
146,Mill,Faircliff,true
147,Evelyn,Harverson,false
148,Gracie,Addlestone,false
149,Delila,Siene,true
150,Helge,Hovard,true
151,Rois,O'Lennane,true
152,Jacobo,Huddy,false
153,Doris,Tapley,true
154,Izzy,Brognot,false
155,Brenn,Chastelain,true
156,Even,Kittel,true
157,Merrill,Schwandt,true
158,Elinore,Croneen,true
159,Myrtia,Gilhooley,false
160,Nial,MacKissack,true
161,Rora,Wennam,true
162,Hortensia,Howitt,false
163,Tait,Duker,true
164,Yoshiko,Kearn,false
165,Sylvia,Ciardo,true
166,Emmerich,Sowerby,false
167,Rodrick,MacCallester,false
168,Kevina,Elliff,true
169,Adi,Selman,true
170,Margareta,Bence,true
171,Rodolphe,Hellens,true
172,Cristie,Maylor,false
173,Libby,Kiraly,false
174,Urbanus,McMonnies,false
175,Aretha,Waghorne,false
176,Elvyn,Kopecka,true
177,Jennie,Cressingham,true
178,Man,Fittes,false
179,Ches,Ganforthe,false
180,Mendy,Benedick,false
181,Fenelia,Vizor,false
182,Esra,Waith,true
183,Odele,Mellows,true
184,Fredrick,Marsham,true
185,Klemens,Kuscha,false
186,Mitchael,Pistol,true
187,Morty,Remmer,false
188,Judon,Boner,true
189,Erroll,Gilcriest,true
190,Freddie,Denecamp,false
191,Georgie,Brocklehurst,false
192,Morie,Nicely,false
193,Brose,Farndale,true
194,Will,Mattheis,true
195,Melodee,Ferrulli,false
196,Rheta,Plitz,true
197,Lonni,Stones,false
198,Vaughn,Blonden,true
199,Marcille,Hanbidge,false
200,Christean,Seccombe,true
